{
  "employees": [
    {
      "id": "6",
      "employee_name": "Honey",
      "employee_salary": "5000",
      "employee_age": "25"
    },
    {
      "id": "7",
      "employee_name": "Chocobar",
      "employee_salary": "5600",
      "employee_age": "23"
    },
    {
      "id": "12",
      "employee_name": "sadsad",
      "employee_salary": "85254",
      "employee_age": "22"
    },
    {
      "id": "2",
      "employee_name": "Hari",
      "employee_salary": "50000",
      "employee_age": "36"
    },
    {
      "id": "13",
      "employee_name": "Hari",
      "employee_salary": "50000",
      "employee_age": "36"
    },
    {
      "id": "211",
      "employee_name": "qwertyu",
      "employee_salary": "500000",
      "employee_age": "28"
    },
    {
      "id": "155",
      "employee_name": "Qwerty",
      "employee_salary": "2333",
      "employee_age": "3"
    },
    {
      "id": "56",
      "employee_name": "Sairam",
      "employee_salary": "523",
      "employee_age": "56"
    },
    {
      "id": "100",
      "employee_name": "Saran",
      "employee_salary": "65000",
      "employee_age": "26"
    }
  ]
}